138304,"Auto Parts Warehouse",autopartswarehouse.com,10-percent-off-plus-free-shipping,http://www.retailmenot.com/out/4824455,"  10% Off + Free Shipping  ","69 people used today","Last used 1 hour ago","7 votes",INDEPENDENCE
138304,"Auto Parts Warehouse",autopartswarehouse.com,free-shipping,http://www.retailmenot.com/out/2993883,"  Free Shipping  Sale ","9 people used today","Last used 9 hours ago","21 votes",MOBILE
138304,"Auto Parts Warehouse",autopartswarehouse.com,5-percent-off,http://www.retailmenot.com/out/4131352,"  5% off your order ...  ","28 people used today","Last used 3 hours ago","3 votes",AFFAPWFFTN
138304,"Auto Parts Warehouse",autopartswarehouse.com,15-off-plus-free-shipping,http://www.retailmenot.com/out/4796301,"  $15 Off + Free Shipping  ","8 people used today","Last used 3 hours ago","1 vote",AFFAPW2
138304,"Auto Parts Warehouse",autopartswarehouse.com,20-off-plus-free-shipping,http://www.retailmenot.com/out/4796300,"  $20 Off + Free Shipping  ","7 people used today","Last used 5 hours ago","1 vote",AFFAPW25
138304,"Auto Parts Warehouse",autopartswarehouse.com,25-off-plus-free-shipping,http://www.retailmenot.com/out/4796299,"  $25 Off + Free Shipping  ","5 people used today","Last used 13 hours ago","1 vote",AFF25EAPW
138304,"Auto Parts Warehouse",autopartswarehouse.com,25-off-plus-free-shipping,http://www.retailmenot.com/out/4796298,"  $25 Off + Free Shipping  ","1 person used today","Last used 13 hours ago","1 vote",AFF15EAPW
138304,"Auto Parts Warehouse",autopartswarehouse.com,15-off-sitewide,http://www.retailmenot.com/out/4796297,"  $15 Off Sitewide  ","4 people used today","Last used 13 hours ago","1 vote",AFFAPWTEN
138304,"Auto Parts Warehouse",autopartswarehouse.com,10-off-199-plus-and-free-shipping,http://www.retailmenot.com/out/4796295,"  $10 off $199+ & free shipping  ","3 people used today","Last used 1 day ago","1 vote",AFFAPWFFTY
138304,"Auto Parts Warehouse",autopartswarehouse.com,50-off-1000-plus-and-free-shipping,http://www.retailmenot.com/out/4796294,"  $50 off $1000+ & free shipping  ","4 people used today","Last used 2 days ago","1 vote",WELCOME5
138304,"Auto Parts Warehouse",autopartswarehouse.com,25-points-for-you-and-10-percent-off-for-a-friend,http://www.retailmenot.com/out/4644520,"  25 Points for You & 10% Off for a Friend  Sale ","1 person used today","Last used 1 day ago","1 vote",APWCART00
138304,"Auto Parts Warehouse",autopartswarehouse.com,earn-points-towards-store-credit,http://www.retailmenot.com/out/4644512,"  Earn Points Towards Store Credit  Sale ","Last used 5 days ago","1 vote"
138304,"Auto Parts Warehouse",autopartswarehouse.com,5-percent-off-sitewide,http://www.retailmenot.com/out/2930098,"  5% off Sitewide  ","Last used 4 hours ago","1 vote"
138304,"Auto Parts Warehouse",autopartswarehouse.com,save-on-aftermarket-parts-and-accessories,http://www.retailmenot.com/out/2922361,"  Save on Aftermarket Parts & Accessories  Sale ","Last used 2 days ago","1 vote"
138304,"Auto Parts Warehouse",autopartswarehouse.com,5-percent-off,http://www.retailmenot.com/out/4796302,"  5% off any order  ","Last used 4 hours ago","3 votes"
138304,"Auto Parts Warehouse",autopartswarehouse.com,free-shipping,http://www.retailmenot.com/out/4076857,"  Free Shipping  Sale ","Last used 16 hours ago","5 votes"
