152048,eSportsonline,esportsonline.com,in-your-cart-enter-these-coupon-codes-one-by-one-under-the-flyer-section-next-to-quantity-to-see-which-one-will-give-you-the-cheapest-price,http://www.retailmenot.com/out/2942611,"  in your cart, enter these coupon codes one by one under the flyer section (next to quantity) to see which one will give you the cheapest price.  ","1 person used today","Last used 4 hours ago","30 votes","3R, AA, 5A"
152048,eSportsonline,esportsonline.com,20-percent-off-and-free-shipping,http://www.retailmenot.com/out/1997543,"  20% off + free shipping on 20,000 sporting goods ...  Sale ","4 people used today","Last used 4 hours ago","12 votes",X9
152048,eSportsonline,esportsonline.com,free-shipping,http://www.retailmenot.com/out/4701811,"  free shipping on orders $99+  Sale ","3 people used today","Last used 2 days ago","1 vote",M0
152048,eSportsonline,esportsonline.com,40-percent-off-99-plus-and-free-shipping,http://www.retailmenot.com/out/4680369,"  40% off $99+ & free shipping  Sale ","1 person used today","Last used 5 hours ago","1 vote",K1
152048,eSportsonline,esportsonline.com,20-percent-off-proform-step-plus-free-shipping-on-orders-99-plus,http://www.retailmenot.com/out/4424921,"  20% Off Proform Step + Free Shipping On Orders $99+  Sale ","Last used 12 days ago","1 vote",augsave20
152048,eSportsonline,esportsonline.com,20-percent-off-macgregor-12-varsity-fielders-glv,http://www.retailmenot.com/out/4424922,"  20% Off MacGregor 12'' Varsity Fielders Glv  Sale ","Last used 32 days ago","1 vote",FS0921
152048,eSportsonline,esportsonline.com,up-to-75-percent-off-outlet-sale,http://www.retailmenot.com/out/4127620,"  Up to 75% Off Outlet Sale  Sale ","Last used 2 days ago","1 vote",FS79E
152048,eSportsonline,esportsonline.com,50-off-on-250-plus-or-125-off-on-500-plus,http://www.retailmenot.com/out/3865484,"  $50 Off ON $250+ or $125 Off on $500+  ","Last used 13 days ago","1 vote",1030E
152048,eSportsonline,esportsonline.com,20-percent-off-99-plus-and-free-shipping,http://www.retailmenot.com/out/3450963,"  use flyer code m0 (m zero) save 20% or more on sitewide + free shipping on $99.00. ...  ","Last used 1 day ago","1 vote",1040S
152048,eSportsonline,esportsonline.com,20-percent-or-more-on-seasonal-best-sellers,http://www.retailmenot.com/out/3423710,"  20% or more on seasonal best sellers  ","Last used 4 days ago","1 vote",99ship
152048,eSportsonline,esportsonline.com,20-percent-off-and-free-shipping,http://www.retailmenot.com/out/3044932,"  20% off + free shipping on 20,000 sporting goods ...  Sale ","Last used 5 hours ago","1 vote"
152048,eSportsonline,esportsonline.com,20-off-150-plus,http://www.retailmenot.com/out/2921005,"  $20 off $150+  ","Last used 3 days ago","1 vote"
152048,eSportsonline,esportsonline.com,free-shipping,http://www.retailmenot.com/out/2921006,"  free ground shipping on orders over $99.  ","Last used 12 days ago","1 vote"
152048,eSportsonline,esportsonline.com,free-shipping,http://www.retailmenot.com/out/2921007,"  free ground shipping on orders over $79.  ","Last used 31 days ago","1 vote"
152048,eSportsonline,esportsonline.com,30-percent-off,http://www.retailmenot.com/out/2921001,"  30% off  ","Last used 14 days ago","1 vote"
152048,eSportsonline,esportsonline.com,40-percent-off,http://www.retailmenot.com/out/2921002,"  40% off  ","Last used 3 days ago","1 vote"
152048,eSportsonline,esportsonline.com,free-shipping,http://www.retailmenot.com/out/2921004,"  free shipping on orders over $99 ...  ","Last used 102 days ago","1 vote"
